[ {
  "entityTypeId" : "89938efe-894b-4665-aba7-e83e056331d4",
  "id" : "e35a5e95-9ae3-4eaf-b3ed-6481f9905542",
  "name" : "createdtime",
  "sourceFieldname" : "createdtime",
  "description" : "createdtime",
  "dataType" : "date",
  "hasIndex" : false,
  "unique" : false,
  "primarykey" : false,
  "namefield" : false,
  "nullable" : true,
  "custom" : false,
  "createable" : true,
  "updateable" : true,
  "audit" : false,
  "customizable" : false,
  "fieldLength" : 19,
  "precision" : 0,
  "fieldOrder" : 0,
  "fieldProperties" : {
    "autoGenerated" : "false"
  }
}, {
  "entityTypeId" : "89938efe-894b-4665-aba7-e83e056331d4",
  "id" : "423d7cef-4842-4963-924b-e039304bb026",
  "name" : "id",
  "sourceFieldname" : "id",
  "description" : "id",
  "dataType" : "number",
  "hasIndex" : false,
  "unique" : false,
  "primarykey" : true,
  "namefield" : false,
  "nullable" : false,
  "custom" : false,
  "createable" : true,
  "updateable" : false,
  "audit" : false,
  "customizable" : false,
  "fieldLength" : 10,
  "precision" : 0,
  "fieldOrder" : 0,
  "fieldProperties" : {
    "autoGenerated" : "false"
  }
}, {
  "entityTypeId" : "89938efe-894b-4665-aba7-e83e056331d4",
  "id" : "d0a514fe-ce12-4f86-bc82-929c4accf929",
  "name" : "name",
  "sourceFieldname" : "name",
  "description" : "name",
  "dataType" : "string",
  "hasIndex" : false,
  "unique" : false,
  "primarykey" : false,
  "namefield" : false,
  "nullable" : false,
  "custom" : false,
  "createable" : true,
  "updateable" : true,
  "audit" : false,
  "customizable" : false,
  "fieldLength" : 45,
  "precision" : 0,
  "fieldOrder" : 0,
  "fieldProperties" : {
    "autoGenerated" : "false"
  }
}, {
  "entityTypeId" : "89938efe-894b-4665-aba7-e83e056331d4",
  "id" : "cc06a220-2b0c-4ff6-8514-5375a307cef3",
  "name" : "profilepic",
  "sourceFieldname" : "profilepic",
  "description" : "profilepic",
  "dataType" : "binary",
  "hasIndex" : false,
  "unique" : false,
  "primarykey" : false,
  "namefield" : false,
  "nullable" : true,
  "custom" : false,
  "createable" : true,
  "updateable" : true,
  "audit" : false,
  "customizable" : false,
  "fieldLength" : 65535,
  "precision" : 0,
  "fieldOrder" : 0,
  "fieldProperties" : {
    "autoGenerated" : "false"
  }
}, {
  "entityTypeId" : "89938efe-894b-4665-aba7-e83e056331d4",
  "id" : "7e1bd829-550e-4388-aa37-5bdfc4f7b064",
  "name" : "status",
  "sourceFieldname" : "status",
  "description" : "status",
  "dataType" : "number",
  "hasIndex" : false,
  "unique" : false,
  "primarykey" : false,
  "namefield" : false,
  "nullable" : false,
  "custom" : false,
  "createable" : true,
  "updateable" : true,
  "audit" : false,
  "customizable" : false,
  "fieldLength" : 3,
  "precision" : 0,
  "fieldOrder" : 0,
  "fieldProperties" : {
    "autoGenerated" : "false"
  }
} ]