{
  "type" : "lob",
  "custom" : false,
  "junction" : false,
  "customizable" : false,
  "verbs" : {
    "get" : "getMapping",
    "createBinary" : "createBinaryMapping",
    "create" : "createMapping",
    "update" : "updateMapping",
    "getBinary" : "getBinaryMapping",
    "delete" : "deleteMapping",
    "updateBinary" : "updateBinaryMapping",
    "deleteBinary" : "deleteBinaryMapping"
  },
  "entityProperties" : {
    "BatchMode" : "pagination",
    "UpdateTimeStampField" : {
      "DateFormat" : "",
      "Name" : "createdtime"
    },
    "backendMeta" : {
      "backendObjectName" : "user",
      "qualifiedName" : "chatterbox.user",
      "metadataformatterobject" : "{\"name\":\"user\",\"displayName\":\"user\",\"qualifiedName\":\"chatterbox.user\",\"schemaName\":\"chatterbox\",\"tableName\":\"user\",\"entityType\":\"com.kony.rdbms.metadata.model.AnnotatedTable\"}"
    },
    "designTimeBackendMeta" : {
      "backendObjectName" : "user",
      "qualifiedName" : "chatterbox.user",
      "metadataformatterobject" : "{\"name\":\"user\",\"displayName\":\"user\",\"qualifiedName\":\"chatterbox.user\",\"schemaName\":\"chatterbox\",\"tableName\":\"user\",\"entityType\":\"com.kony.rdbms.metadata.model.AnnotatedTable\"}"
    }
  },
  "commonMappings" : [ {
    "sourceFieldName" : "profilepic",
    "targetField" : "profilepic",
    "type" : "request_response"
  }, {
    "sourceFieldName" : "name",
    "targetField" : "name",
    "type" : "request_response"
  }, {
    "sourceFieldName" : "id",
    "targetField" : "id",
    "type" : "request_response"
  }, {
    "sourceFieldName" : "createdtime",
    "targetField" : "createdtime",
    "type" : "request_response"
  }, {
    "sourceFieldName" : "status",
    "targetField" : "status",
    "type" : "request_response"
  } ]
}